drv_trade_id,drv_trade_client_trader_id,drv_trade_client_account_execution_id,floor_broker,date,side,quantity,component_type,contract_type,symbol,expiry,strike,option,price,client_id,client,trader,modifiedDate,modifiedSide,modifiedQuantity,modifiedSymbol,modifiedExpiry,modifiedExpiryMonthOnly,modifiedExpiryYearOnly,modifiedStrike,modifiedOption,modifiedPrice,charge
61416,126074,319922,WEX FIX,08/03/2021,sell,180,leg,option,LUXA,10/15/2021,10,call,0.15,714,vivaldi,bnp account,3/8/2021,s,180,luxa,15/10/2021,10,2021,10,c,0.15,109.971
61416,126075,319923,WEX FIX,08/03/2021,sell,20,leg,option,LUXA,10/15/2021,10,call,0.15,714,vivaldi,gs account,3/8/2021,s,20,luxa,15/10/2021,10,2021,10,c,0.15,109.971
61417,126076,319924,WEX FIX,08/04/2021,sell,261,leg,option,LUXA,10/15/2021,10,call,0.1259,714,vivaldi,bnp account,4/8/2021,s,261,luxa,15/10/2021,10,2021,10,c,0.13,13.707
61417,126077,319926,WEX FIX,08/04/2021,sell,29,leg,option,LUXA,10/15/2021,10,call,0.1259,714,vivaldi,gs account,4/8/2021,s,29,luxa,15/10/2021,10,2021,10,c,0.13,13.707
59550,121776,308157,WEX FIX,08/09/2021,sell,41,leg,option,LUXA,10/15/2021,10,call,0.1,714,vivaldi,bnp account,9/8/2021,s,41,luxa,15/10/2021,10,2021,10,c,0.1,-32.57222222222222
59550,121777,308159,WEX FIX,08/09/2021,sell,4,leg,option,LUXA,10/15/2021,10,call,0.1,714,vivaldi,gs account,9/8/2021,s,4,luxa,15/10/2021,10,2021,10,c,0.1,-32.57222222222222
59551,121778,308161,WEX FIX,08/09/2021,sell,182,leg,option,MCMJ,10/15/2021,10,call,0.2,714,vivaldi,bnp account,9/8/2021,s,182,mcmj,15/10/2021,10,2021,10,c,0.2,85.95445544554455
59551,121779,308163,WEX FIX,08/09/2021,sell,20,leg,option,MCMJ,10/15/2021,10,call,0.2,714,vivaldi,gs account,9/8/2021,s,20,mcmj,15/10/2021,10,2021,10,c,0.2,85.95445544554455
59612,121906,308475,WEX FIX,08/10/2021,sell,609,leg,option,LUXA,10/15/2021,10,call,0.0512,714,vivaldi,bnp account,10/8/2021,s,609,luxa,15/10/2021,10,2021,10,c,0.05,28.45298375184638
59612,121907,308476,WEX FIX,08/10/2021,sell,68,leg,option,LUXA,10/15/2021,10,call,0.0512,714,vivaldi,gs account,10/8/2021,s,68,luxa,15/10/2021,10,2021,10,c,0.05,28.45298375184638
59769,122272,309376,WEX FIX,08/12/2021,sell,56,leg,option,BTWN,10/15/2021,10,call,0.1,714,vivaldi,bnp account,12/8/2021,s,56,btwn,15/10/2021,10,2021,10,c,0.1,-9.657543859649124
59769,122273,309378,WEX FIX,08/12/2021,sell,1,leg,option,BTWN,10/15/2021,10,call,0.1,714,vivaldi,gs account,12/8/2021,s,1,btwn,15/10/2021,10,2021,10,c,0.1,-9.657543859649124
59774,122281,309402,WEX FIX,08/12/2021,sell,537,leg,option,PIPP,10/15/2021,10,call,0.05,714,vivaldi,bnp account,12/8/2021,s,537,pipp,15/10/2021,10,2021,10,c,0.05,28.086965265082267
59774,122282,309404,WEX FIX,08/12/2021,sell,10,leg,option,PIPP,10/15/2021,10,call,0.05,714,vivaldi,gs account,12/8/2021,s,10,pipp,15/10/2021,10,2021,10,c,0.05,28.086965265082267
61415,126073,319920,Mando,08/02/2021,sell,7,leg,option,IPOF,9/17/2021,10,call,0.11,714,vivaldi,gs account,2/8/2021,s,7,ipof,17/9/2021,9,2021,10,c,0.11,-1.84
59224,121083,306450,WEX FIX,08/03/2021,sell,68,leg,option,IPOF,9/17/2021,10,call,0.0912,714,vivaldi,gs account,3/8/2021,s,68,ipof,17/9/2021,9,2021,10,c,0.09,24.99
59221,121080,306445,WEX FIX,08/03/2021,sell,250,leg,option,LUXA,10/15/2021,10,call,0.1622,659,milton arbitrage,milton,3/8/2021,s,250,luxa,15/10/2021,10,2021,10,c,0.16,12.86
61837,127053,322340,WEX FIX,08/03/2021,buy,500,leg,option,CANO,9/17/2021,7.5,put,0.1497,1151,difesa,difesa,3/8/2021,b,500,cano,17/9/2021,9,2021,7.5,p,0.15,181.6
59404,121487,307401,WEX FIX,08/05/2021,buy,473,leg,option,MYPS,8/20/2021,5,put,0.1998,1151,difesa,difesa,5/8/2021,b,473,myps,20/8/2021,8,2021,5,p,0.2,171.7
59405,121488,307402,WEX FIX,08/05/2021,sell,261,leg,option,AGCB,10/15/2021,10,call,0.1,714,vivaldi,bnp account,5/8/2021,s,261,agcb,15/10/2021,10,2021,10,c,0.1,12.91
59480,121646,307851,WEX FIX,08/06/2021,sell,110,leg,option,AGCB,10/15/2021,10,call,0.07,714,vivaldi,bnp account,6/8/2021,s,110,agcb,15/10/2021,10,2021,10,c,0.07,5.78
59483,121650,307861,WEX FIX,08/06/2021,sell,15,leg,option,FSLY,1/20/2023,60,call,8.006667,191,bnp ny,Shui Ling Geng,6/8/2021,s,15,fsly,20/1/2023,1,2023,60,c,8.01,0.75
61418,126078,319928,WEX FIX,08/09/2021,sell,61,leg,option,IPOF,11/19/2021,10,call,0.1898,714,vivaldi,bnp account,9/8/2021,s,61,ipof,19/11/2021,11,2021,10,c,0.19,23.72
59546,121765,308124,Mando,08/09/2021,buy,320,leg,option,MYPS,8/20/2021,5,put,0.15,1151,difesa,difesa,9/8/2021,b,320,myps,20/8/2021,8,2021,5,p,0.15,-256.15
59698,122099,308950,WEX FIX,08/11/2021,sell,259,leg,option,BTWN,10/15/2021,10,call,0.1,714,vivaldi,bnp account,11/8/2021,s,259,btwn,15/10/2021,10,2021,10,c,0.1,143.92
59693,122087,308924,WEX FIX,08/11/2021,buy,207,leg,option,MYPS,8/20/2021,5,put,0.15,1151,difesa,difesa,11/8/2021,b,207,myps,20/8/2021,8,2021,5,p,0.15,-72.61
59770,122274,309380,WEX FIX,08/12/2021,sell,46,leg,option,LUXA,10/15/2021,10,call,0.052174,714,vivaldi,bnp account,12/8/2021,s,46,luxa,15/10/2021,10,2021,10,c,0.05,-19.62
59772,122276,309384,WEX FIX,08/12/2021,sell,9,leg,option,IPOF,11/19/2021,10,call,0.21,714,vivaldi,vivaldi,12/8/2021,s,9,ipof,19/11/2021,11,2021,10,c,0.21,4.86
59856,122459,309860,WEX FIX,8/13/2021,sell,905,leg,option,PIPP,10/15/2021,10,call,0.05,714,vivaldi,bnp account,13/8/2021,s,905,pipp,15/10/2021,10,2021,10,c,0.05,85.7
59854,122457,309858,WEX FIX,8/13/2021,sell,383,leg,option,IPOF,11/19/2021,10,call,0.2032,714,vivaldi,bnp account,13/8/2021,s,383,ipof,19/11/2021,11,2021,10,c,0.2,181.3
59855,122458,309859,WEX FIX,8/13/2021,sell,187,leg,option,LUXA,10/15/2021,10,call,0.05,714,vivaldi,bnp account,13/8/2021,s,187,luxa,15/10/2021,10,2021,10,c,0.05,8.56
59850,122452,309847,Mando,8/13/2021,sell,100,leg,option,PPC,8/20/2021,28,call,0.3775,214,havens,jpm account,13/8/2021,s,100,ppc,20/8/2021,8,2021,28,c,0.38,-6.82
59852,122455,309855,WEX FIX,8/13/2021,sell,200,leg,option,MYPS,8/20/2021,5,put,0.4,1151,difesa,difesa,13/8/2021,s,200,myps,20/8/2021,8,2021,5,p,0.4,-39.47
59853,122456,309856,WEX FIX,8/13/2021,buy,200,leg,option,SKIN,11/19/2021,12.5,put,0.15,1151,difesa,difesa,13/8/2021,b,200,skin,19/11/2021,11,2021,12.5,p,0.15,76.08
59950,122676,310417,Mando,8/16/2021,sell,96,leg,option,IPOF,11/19/2021,10,call,0.18,714,vivaldi,bnp account,16/8/2021,s,96,ipof,19/11/2021,11,2021,10,c,0.18,-24.03
59957,122689,310445,WEX FIX,8/16/2021,sell,200,leg,option,MYPS,8/20/2021,5,put,0.3,1151,difesa,difesa,16/8/2021,s,200,myps,20/8/2021,8,2021,5,p,0.3,-159.94
60042,122874,310949,Mando,8/17/2021,buy,300,leg,option,EWT,9/17/2021,60,put,1.6529,547,newfoundland,Jonathan Myles Rosenthal,17/8/2021,b,300,ewt,17/9/2021,9,2021,60,p,1.65,-135.75
60041,122873,310947,Mando,8/17/2021,sell,662,leg,option,AI,6/17/2022,35,put,5.6,191,bnp ny,Shui Ling Geng,17/8/2021,s,662,ai,17/6/2022,6,2022,35,p,5.6,33.1
60128,123081,311513,WEX FIX,8/18/2021,sell,200,leg,option,MYPS,8/20/2021,5,put,0.8275,1151,difesa,difesa,18/8/2021,s,200,myps,20/8/2021,8,2021,5,p,0.83,-157.93
61840,127057,322348,WEX FIX,8/18/2021,buy,122,leg,option,MYPS,11/19/2021,5,call,0.4,1151,difesa,difesa,18/8/2021,b,122,myps,19/11/2021,11,2021,5,c,0.4,-96.29
60225,123279,312668,WEX FIX,8/19/2021,sell,331,leg,option,MYPS,8/20/2021,5,put,0.9622,1151,difesa,difesa,19/8/2021,s,331,myps,20/8/2021,8,2021,5,p,0.96,-107.65
60222,123272,312652,WEX FIX,8/19/2021,sell,500,leg,option,LEV,8/20/2021,12.5,put,0.67,1151,difesa,difesa,19/8/2021,s,500,lev,20/8/2021,8,2021,12.5,p,0.67,-395.07
60306,123453,313099,WEX FIX,8/20/2021,sell,2,leg,option,SUNL,8/20/2021,7.5,put,2.3,1151,difesa,difesa,20/8/2021,s,2,sunl,20/8/2021,8,2021,7.5,p,2.3,-1.61
60305,123452,313098,Mando,8/20/2021,sell,69,leg,option,MYPS,8/20/2021,5,put,0.6065,1151,difesa,difesa,20/8/2021,s,69,myps,20/8/2021,8,2021,5,p,0.61,-4.11
60302,123448,313092,WEX FIX,8/20/2021,sell,199,leg,option,IPOF,12/17/2021,10,call,0.2002,714,vivaldi,bnp account,20/8/2021,s,199,ipof,17/12/2021,12,2021,10,c,0.2,107.47
60304,123451,313097,WEX FIX,8/20/2021,sell,2000,leg,option,IPOF,12/17/2021,12.5,call,0.1122,317,kepos capital,kepos,20/8/2021,s,2000,ipof,17/12/2021,12,2021,12.5,c,0.11,677.52
60629,124192,315061,WEX FIX,8/26/2021,buy,150,leg,option,CYXT,9/17/2021,7.5,put,0.25,1151,difesa,difesa,26/8/2021,b,150,cyxt,17/9/2021,9,2021,7.5,p,0.25,-104.92
60614,124157,314956,WEX FIX,8/26/2021,buy,200,leg,option,PTON,1/21/2022,50,put,0.5333,195,citibank,eric g he,26/8/2021,b,200,pton,21/1/2022,1,2022,50,p,0.53,-25.98
60770,124537,316021,WEX FIX,8/30/2021,buy,75,leg,option,CYXT,9/17/2021,7.5,put,0.15,1151,difesa,difesa,30/8/2021,b,75,cyxt,17/9/2021,9,2021,7.5,p,0.15,-59.14
59109,120845,305894,Mando,08/02/2021,buy,500,leg,option,EEM,1/20/2023,40,put,1.83,251,ubs,nelson zhu,2/8/2021,b,500,eem,20/1/2023,1,2023,40,p,1.83,35
59113,120855,305912,Mando,08/02/2021,buy,1000,leg,option,GDX,6/17/2022,35,put,4.1,251,ubs,nelson zhu,2/8/2021,b,1000,gdx,17/6/2022,6,2022,35,p,4.1,70
59113,120855,305913,Mando,08/02/2021,buy,1000,leg,option,GDX,6/17/2022,35,call,3.95,251,ubs,nelson zhu,2/8/2021,b,1000,gdx,17/6/2022,6,2022,35,c,3.95,70
59131,120903,306025,Mando,08/02/2021,buy,300,leg,option,PYPL,8/20/2021,270,put,5.65,228,mizuho,mizuho,2/8/2021,b,300,pypl,20/8/2021,8,2021,270,p,5.65,21
59184,120991,306179,Mando,08/03/2021,buy,700,leg,option,PSTG,1/20/2023,17.5,put,3,251,ubs,Kelly Shen,3/8/2021,b,700,pstg,20/1/2023,1,2023,17.5,p,3,49
61839,127056,322347,WEX FIX,08/03/2021,buy,1,leg,option,SPAK,9/17/2021,20,put,0.45,1151,difesa,difesa,3/8/2021,b,1,spak,17/9/2021,9,2021,20,p,0.45,-0.8
59348,121318,306937,Mando,08/05/2021,buy,800,leg,option,GDX,1/20/2023,31,put,3.05,251,ubs,nelson zhu,5/8/2021,b,800,gdx,20/1/2023,1,2023,31,p,3.05,56
59428,121532,307516,Mando,08/06/2021,buy,1,leg,option,BLUE,8/20/2021,65,call,0.1,195,citibank,eric g he,6/8/2021,b,1,blue,20/8/2021,8,2021,65,c,0.1,0.05
59529,121719,308007,Mando,08/09/2021,buy,1000,leg,option,GDX,1/20/2023,29,put,2.89,251,ubs,nelson zhu,9/8/2021,b,1000,gdx,20/1/2023,1,2023,29,p,2.89,70
59613,121908,308477,WEX FIX,08/10/2021,sell,1,leg,option,MCMJ,10/15/2021,10,call,0.2,714,vivaldi,bnp account,10/8/2021,s,1,mcmj,15/10/2021,10,2021,10,c,0.2,0.9
59609,121901,308457,WEX FIX,08/10/2021,sell,2,leg,option,IPOF,11/19/2021,10,call,0.19,714,vivaldi,bnp account,10/8/2021,s,2,ipof,19/11/2021,11,2021,10,c,0.19,1.08
59595,121862,308364,Mando,08/10/2021,buy,4750,leg,option,XLF,9/17/2021,36,put,0.29,251,ubs,nelson zhu,10/8/2021,b,4750,xlf,17/9/2021,9,2021,36,p,0.29,332.5
59590,121847,308324,Mando,08/10/2021,buy,2200,leg,option,XLF,9/17/2021,38,put,0.75,251,ubs,nelson zhu,10/8/2021,b,2200,xlf,17/9/2021,9,2021,38,p,0.75,154
59590,121847,308325,Mando,08/10/2021,buy,2200,leg,option,XLF,9/17/2021,40,call,0.31,251,ubs,nelson zhu,10/8/2021,b,2200,xlf,17/9/2021,9,2021,40,c,0.31,154
59608,121900,308456,WEX FIX,08/10/2021,sell,4,leg,option,MDLA,9/17/2021,35,call,0.15,314,westchester,wetchester,10/8/2021,s,4,mdla,17/9/2021,9,2021,35,c,0.15,0.2
59614,121909,308481,XFA,08/10/2021,sell,175,leg,option,VIX,8/18/2021,18,call,1.05,251,ubs,harsh mundhra,10/8/2021,s,175,vix,18/8/2021,8,2021,18,c,1.05,12.25
59614,121909,308480,XFA,08/10/2021,sell,500,leg,option,VIX,11/17/2021,22,call,4.2,251,ubs,harsh mundhra,10/8/2021,s,500,vix,17/11/2021,11,2021,22,c,4.2,35
59614,121909,308484,XFA,08/10/2021,sell,305,leg,option,VIX,11/17/2021,23,put,4.5,251,ubs,harsh mundhra,10/8/2021,s,305,vix,17/11/2021,11,2021,23,p,4.5,21.35
59695,122091,308931,WEX FIX,08/11/2021,buy,2,leg,option,SUNL,8/20/2021,7.5,put,0.1,1151,difesa,difesa,11/8/2021,b,2,sunl,20/8/2021,8,2021,7.5,p,0.1,-1.5
59699,122100,308952,WEX FIX,08/11/2021,sell,1,leg,option,LUXA,10/15/2021,10,call,0.05,714,vivaldi,bnp account,11/8/2021,s,1,luxa,15/10/2021,10,2021,10,c,0.05,0.9
59785,122299,309448,XFA,08/12/2021,sell,300,leg,option,VIX,10/20/2021,35,call,1.5067,251,ubs,harsh mundhra,12/8/2021,s,300,vix,20/10/2021,10,2021,35,c,1.51,21
60087,122982,311242,Mando,8/18/2021,sell,250,leg,option,JPM,6/17/2022,185,call,4.4,251,ubs,Elaine Tang,18/8/2021,s,250,jpm,17/6/2022,6,2022,185,c,4.4,17.5
60106,123034,311387,Mando,8/18/2021,buy,2950,leg,option,GDX,1/20/2023,44,call,1.64,251,ubs,nelson zhu,18/8/2021,b,2950,gdx,20/1/2023,1,2023,44,c,1.64,206.5
60227,123282,312673,WEX FIX,8/19/2021,buy,1,leg,option,MYPS,11/19/2021,5,call,0.4,1151,difesa,difesa,19/8/2021,b,1,myps,19/11/2021,11,2021,5,c,0.4,-0.81
60532,123976,314528,XFA,8/25/2021,sell,600,leg,option,VIX,9/15/2021,16,put,0.2,251,ubs,harsh mundhra,25/8/2021,s,600,vix,15/9/2021,9,2021,16,p,0.2,42
62501,128551,326173,Mando,8/26/2021,sell,500,leg,option,ZM,11/19/2021,290,put,9.6,228,mizuho,fan yang,26/8/2021,s,500,zm,19/11/2021,11,2021,290,p,9.6,35
60817,124637,316241,XFA,8/31/2021,sell,2000,leg,option,VIX,10/20/2021,19,put,1.71,251,ubs,harsh mundhra,31/8/2021,s,2000,vix,20/10/2021,10,2021,19,p,1.71,140
59091,120799,305790,XFA,08/02/2021,buy,8000,leg,option,VIX,8/18/2021,16,put,0.1,195,citibank,kevin chen,2/8/2021,b,8000,vix,18/8/2021,8,2021,16,p,0.1,400